{"cameraMode":{"drawMode":0,"name":"Shaded","section":"Shading Mode"},"sceneLighting":false,"audioPlay":false,"sceneViewState":{"m_AlwaysRefresh":false,"showFog":true,"showSkybox":false,"showFlares":true,"showImageEffects":true,"showParticleSystems":true,"showVisualEffectGraphs":true,"m_FxEnabled":true},"in2DMode":false,"pivot":{"x":3.327148914337158,"y":70.55461883544922,"z":207.07510375976563},"rotation":{"x":0.5740039348602295,"y":0.006135761737823486,"z":-0.004311514552682638,"w":0.8188334703445435},"size":101.9354019165039,"orthographic":true}