{"cameraMode":{"drawMode":0,"name":"Shaded","section":"Shading Mode"},"sceneLighting":false,"audioPlay":false,"sceneViewState":{"m_AlwaysRefresh":false,"showFog":true,"showSkybox":false,"showFlares":true,"showImageEffects":true,"showParticleSystems":true,"showVisualEffectGraphs":true,"m_FxEnabled":true},"in2DMode":false,"pivot":{"x":-0.19428443908691407,"y":-15.355262756347657,"z":-27.6168212890625},"rotation":{"x":0.5740039348602295,"y":0.006135761737823486,"z":-0.004311514552682638,"w":0.8188334703445435},"size":225.12213134765626,"orthographic":true}