{"cameraMode":{"drawMode":0,"name":"Shaded","section":"Shading Mode"},"sceneLighting":false,"audioPlay":false,"sceneViewState":{"m_AlwaysRefresh":false,"showFog":true,"showSkybox":false,"showFlares":true,"showImageEffects":true,"showParticleSystems":true,"showVisualEffectGraphs":true,"m_FxEnabled":true},"in2DMode":false,"pivot":{"x":-42.093299865722659,"y":-70.1512451171875,"z":-61.01366424560547},"rotation":{"x":0.003793333889916539,"y":-0.7117670178413391,"z":0.0038409766275435688,"w":0.7024297118186951},"size":0.8660253882408142,"orthographic":true}